{
	"desc_result": {
		"mean": [
			[2.703761755,0.4739675617,55.0846395,10.8380838,0.5535713055,6.524644958,4.415715975],
			[1.309076923,0.4215050167,57.94923077,9.905038462,0.9258323885,6.361455433,4.407651065],
			[3.171253823,0.8305411514,86.83333333,10.15808097,0.8257595959,6.519184681,4.526545913],
			[6.234126984,1.018978606,85.36984127,10.43371838,0.6431486965,6.486085244,4.405172998]
		],
		"median": [
			[1,0.5,20,10.5,0.39,6.5,4.34],
			[0.5,0.5,18,10,0.432,6.485714286,4.264475524],
			[1,0.5,40,10.47058824,0.4,6.5,4.30965035],
			[3,0.5,42,11,0.38,6.5,4.302517483]
		],
		"std": [
			[6.320266764,1.04688763,126.7786137,6.433160359,0.6001857846,0.3540338476,0.6082451829],
			[2.565127438,0.6437853021,84.51807668,2.005289903,1.417833609,0.8735255531,0.4931836341],
			[5.558331166,1.471403951,124.1848781,2.623724096,1.552702099,0.1402617807,0.8198128484],
			[8.940696448,1.417353799,99.72099254,2.309432825,0.8992543102,0.2323319142,0.6406179905]
		],
		"min": [
			[0,0,0,1.2,0.02,4.757142857,3.16],
			[0,0,0,3.25,0.02,0,3.49],
			[0,0,0,2,0.02,6.11,3.22],
			[0,0,0,1,0.025,5.541666667,3.16]
		],
		"max": [
			[50,16,1900,62,4.6,11.29,9.75],
			[18,7,390,20.4,9.9,8.1,7.628571429],
			[44,12,1100,24,15.7,6.924,11.6],
			[60,9,460,20,10.98333333,6.99,10.18]
		],
		"mode": [
			[0,0,10,11,0.6,6.6,4],
			[0,0,1,10,0.4,6.4,4.1],
			[0,0,20,12,0.6,6.5,4.7],
			[1,0.5,20,11,0.6,6.5,4]
		],
		"mod_freq": [
			[99,127,18,35,17,26,17],
			[103,131,19,69,15,24,25],
			[73,107,14,35,18,43,17],
			[45,88,18,46,14,24,14]
		],
		"seasons": [
			"Spring",
			"Summer",
			"Autumn",
			"Winter"
		],
		"boxplotdata": [
			[
				[0,15,1,1,0,2,0,0,1,2,1,4,5,7,4,0,1,1,4,1,0,1,0,0,0,1,11,0,16,12,2,0,1,2,0,0,0,1,0,0,0,0,0,0,0,0,1,0,0,0,0,0,1,1,2,0,0,4,1,2,1,3,0,0,0,0,0,0,0,0,3,1.5,0,1,17,8.5,0,1,2,7,1,0,0,4,0,0.5,1,1,4,0,0,1,3,0,1,1,0,0,1,0,2,0,0,0,0,0,0,0,0,0,0,0,0,0,0,0,0,0,0,0,0,0,1,0,0,19,0,0,1,0,0,0,1,36,1,2,1,0,0,1,2,1,0.5,0,0,0,3,0,1,0,0,0,1,0,1,3,0,3,2,1,0,0,0,0,0,0,1,0,0,0,1,4,0.5,0.5,2,1,2,26,1,2,3,3,1,28,1,1,20,2,1,38,12,1,12,0.5,0.5,8,50,12,3,1,0.5,25,15,1,27,0.5,0.5,1,0.5,2,0.5,8,0.5,4,10,3,0.5,0.5,0.5,0.5,5,3,9,0.5,3,7,0.5,0.5,0.5,0.5,1,18,5,0.5,7,0.5,2,5,1,1,1,0.5,1,0.5,0.5,10,9,4,0.5,0.5,50,3,2,1,1,0.5,1,0.5,0.5,0.5,0.5,0.5,1,0.5,0.5,0.5,1,0.5,0.5,3,0.5,1,2,0.5,0.5,1,1,0.5,2,0.5,0.5,0.5,0,0,0.5,0.5,2,0,0.5,0.5,0.5,0.5,3,2,3,3,0.5,4,0.5,0.5,1,1,1,3,0.5,6,4,7,1,4,3,1,0.5,6,5,4,5,5,10]
			],
			[
				[1,1,4,0,2,0,0,0,0,0,0,0,0,1,0,0,0,4,2,3,2,0,1,0,0,0,0,0.5,0,1,0,0,1,1,1,0,3,1,0,0,0,0,0,0,0,0,0,2,0,1,2,0,3,0,0,0,0,2,4.5,7,0,2,1,0,0,0,0,2,0,0,0,1,1,1,1,1,1,1,0,1,1,0,1,0,0,1,8,0,4,0,2,1,0,0,0,1,1,0,0,0,0,0,0,0,0,1,0,0,0,0,0,0,0,1,0,0,0,0,0,0,0,0,4,1,0,0,0,7,7,4,1,0,1,1,2,1,0,0,0,1,0,0,1,1,3,0,1,1,0,0,3,1,0,0,0,1,0,1,1,0,1,1,0,1,4.2,3,0,0,0,1,0,0,0,0,0,0,0.5,0.5,1,1,0.5,0.5,1,0.5,1,0.5,4,0.5,0.5,1,2,2,18,12,10,15,14,2,12,1,0.5,0.5,1,0.5,0.5,16,1,0.5,0.5,3,1,0.5,0.5,0.5,0.5,0.5,0.5,2,3,0.5,5,1,1,0.5,0.5,1,4,2,0.5,0.5,0.5,2.75,0.5,0.5,5,1,4,2,0.5,0.5,10,10,3,18,5,0.5,0.5,0.5,2,1,0.5,1,0.5,1,2,1,0.5,1,2,2,1,2,0.5,1,0.5,0.5,5,0.5,0.5,1,0.5,0.5,0.5,0.5,0.5,0.5,0.5,0.5,0.5,0.5,1,0.5,0.5,0.5,0.5,0.5,1,0.5,1,0.5,0.5,1,0.75,0.5,0.5,0.5,0.5,1,0.5,0.5,0.5,0.5,0.5,0.5,0.5,0.5,0.75,1,1,1,2,3,2,0.5,1,0.5,0.5,0.5,0.5,0.5,0.5,0.5,0.5,3,2]
			],
			[
				[0,0,0,2,3,3,3,0,20,3,11,9,1,1,0,1,0,0,0,1,7,7,0,10,19,0,0,0,0,0,1,2,0,1,2,0,0,0,0,0,0,0,2,0,0,2,6,0,0,2,1,12,0,0.5,1,1,1,4,3,2,2,1,7,14,19,13.5,8,0,5,2,0,1,0,3,6,1,0,0,2,9,0,10,1,0,0,4,3,1,6,2,3,5,8,3,0,4,0,1,0,1,0,0,0,0,0,0,2,1,1,0,0,0,0,0,0,2,4,6,4,4,0,0,0,0,1,1,0,0,0,1,0,15,25,1,0,1,2,1,0,0,1,2,1,2,9,9,12,6,0,0.5,1,13,3,0,2,0,2,0,0,0,0,2,0,1,0,3,2,0,0,0.5,0.5,0.5,2,3,3,1,2,2,6,3,3,6,8,21,3,3,15,2,2,4,7,2,4,9,0.5,2,0.5,2,41,4,2,11,1,14,1,10,0.5,2,2,4,0.5,0.5,5,10,3,3,3,3,2,0.5,2,0.5,0.5,29,0.5,2,1,6,1,3,0.5,0.5,0.5,2,1.25,0.5,1,2,0.5,1,1,2,1.25,0.5,0.5,1,1,0.5,5,0.5,0.5,0.5,0.5,15,15,1,4,9,6,3,0.5,0.5,0.5,3,4,3,10,3,4,3,10,3,0.5,0.5,0.5,0.5,0.5,0,0.5,4,1,1,2,2,1,2,4,4,0.5,2,1,0.5,0.5,0.5,0.5,0.5,0.5,0.5,2,1,2,2,7,2,0.5,20,4,1,0.5,10,2,1,1,1,1,1,2,1,0.5,1,0.5,31,0.5,5,18,2,44]
			],
			[
				[0,3,3,1,0,7.5,15,0,5,7,15,6,8,9,11,4,2,2,9,5,12,10,8,31,19,30,20,22,20,6,0,0,0,6,0,0,0,1,0,1,0,0,0,11,7,0,0,0,11,50,9,0,8,11,7,18,25,13,6.5,0,11,4,0,5,0,2,0,16,7,8,6,18,0,4,0,10,4,3,1,12,2,5,1,5,1,7,0,1,0,0,0,0,0,4,5,13,1,1,6,1,0,5,0,0,2,3,1,1,3,2,0,6,10,1,1,1,29,17,4,7,4,22,20,6,24,1,21,19,8,20,8,10,4,2.5,10,7,0,1,3,4,1,3,1,0,0,0,3,0,1,2,3,1,2,3,0,2,2,4,4,0.5,4,5,10,9,6,4,5,4,1,1,6,6,20,20,9,4,8,8,3,10,7,10,60,2,5,4,4,7,1,4,4,5,20,5,2,4,3,2,0.5,3,5,2,1,1,1,4,0.5,2,2,1,10,15,9,10,12,5,3,2,4,3,1,3,1,2,2,2,7,1,0.75,0.5,0.5,0.5,0.5,0.75,1,0.5,0.5,0.5,0.5,1,12,9,4,1,0.5,2,2,2,1,1,0.5,7,1,20,7,10,0.5,2,10,5,4,0.5,1,1,2,0,0.5,3,6,3,4,1,2,3,0.5,1,0.5,0.5,2,1.25,0.5,3,1,1,4,4,2.5,1,0.5,0.5,4,20,29,6,60,20,10,10,5,7,1,20,4,48,23,10,7,10,4,2,9,56,28,22,23]
			]
		]
	}
}
