{
	"corrdata": {
		"R": [
			[1,-0.569346245,-0.5014704929,"_NaN_","_NaN_",0.3265372393,0.4223805809,0.06031715036,"_NaN_","_NaN_"],
			[-0.569346245,1,0.8964880679,"_NaN_","_NaN_",-0.4272881894,-0.2621617482,0.008166479284,"_NaN_","_NaN_"],
			[-0.5014704929,0.8964880679,1,"_NaN_","_NaN_",-0.3314124085,-0.186443194,0.01136579622,"_NaN_","_NaN_"],
			["_NaN_","_NaN_","_NaN_","_NaN_","_NaN_","_NaN_","_NaN_","_NaN_","_NaN_","_NaN_"],
			["_NaN_","_NaN_","_NaN_","_NaN_","_NaN_","_NaN_","_NaN_","_NaN_","_NaN_","_NaN_"],
			[0.3265372393,-0.4272881894,-0.3314124085,"_NaN_","_NaN_",1,0.01798707202,-0.04785347054,"_NaN_","_NaN_"],
			[0.4223805809,-0.2621617482,-0.186443194,"_NaN_","_NaN_",0.01798707202,1,0.4267267725,"_NaN_","_NaN_"],
			[0.06031715036,0.008166479284,0.01136579622,"_NaN_","_NaN_",-0.04785347054,0.4267267725,1,"_NaN_","_NaN_"],
			["_NaN_","_NaN_","_NaN_","_NaN_","_NaN_","_NaN_","_NaN_","_NaN_","_NaN_","_NaN_"],
			["_NaN_","_NaN_","_NaN_","_NaN_","_NaN_","_NaN_","_NaN_","_NaN_","_NaN_","_NaN_"]
		],
		"P": [
			[1,0,0,"_NaN_","_NaN_",4.149363799e-223,0,9.868837033e-09,"_NaN_","_NaN_"],
			[0,1,0,"_NaN_","_NaN_",0,1.173957374e-141,0.4380407008,"_NaN_","_NaN_"],
			[0,0,1,"_NaN_","_NaN_",3.697927615e-230,2.349399938e-71,0.2804376322,"_NaN_","_NaN_"],
			["_NaN_","_NaN_","_NaN_","_NaN_","_NaN_","_NaN_","_NaN_","_NaN_","_NaN_","_NaN_"],
			["_NaN_","_NaN_","_NaN_","_NaN_","_NaN_","_NaN_","_NaN_","_NaN_","_NaN_","_NaN_"],
			[4.149363799e-223,0,3.697927615e-230,"_NaN_","_NaN_",1,0.08759926454,5.446897597e-06,"_NaN_","_NaN_"],
			[0,1.173957374e-141,2.349399938e-71,"_NaN_","_NaN_",0.08759926454,1,0,"_NaN_","_NaN_"],
			[9.868837033e-09,0.4380407008,0.2804376322,"_NaN_","_NaN_",5.446897597e-06,0,1,"_NaN_","_NaN_"],
			["_NaN_","_NaN_","_NaN_","_NaN_","_NaN_","_NaN_","_NaN_","_NaN_","_NaN_","_NaN_"],
			["_NaN_","_NaN_","_NaN_","_NaN_","_NaN_","_NaN_","_NaN_","_NaN_","_NaN_","_NaN_"]
		]
	}
}
