{
	"minmaxrange": {
		"minvalues": [-0.026861,-0.72552,-2.5002,0,0,-1680.5,-626.13,0.023808,0,0],
		"maxvalues": [7.3769,0.85628,2.969,0,0,541.95,1290.9,359.96,0,0]
	}
}
