{
	"corrdata": {
		"R": [
			[1,0.3908420778,0.03920949363,0.06164507061,-0.04279661822,0.04519027932,-0.0391220076],
			[0.3908420778,1,0.06856213474,0.05387597648,-0.04398121822,0.02662860957,-0.04277625977],
			[0.03920949363,0.06856213474,1,0.1372874,0.1852127244,-0.06567201635,-0.2037554776],
			[0.06164507061,0.05387597648,0.1372874,1,0.1357790076,-0.02687451251,-0.07904418695],
			[-0.04279661822,-0.04398121822,0.1852127244,0.1357790076,1,-0.06229888782,-0.1975958813],
			[0.04519027932,0.02662860957,-0.06567201635,-0.02687451251,-0.06229888782,1,0.04904643424],
			[-0.0391220076,-0.04277625977,-0.2037554776,-0.07904418695,-0.1975958813,0.04904643424,1]
		],
		"P": [
			[1,3.425099443e-48,0.1599444212,0.02706375497,0.1250461037,0.1052724315,0.1608792285],
			[3.425099443e-48,1,0.01392473529,0.05341358705,0.1149261382,0.3400001543,0.1252259022],
			[0.1599444212,0.01392473529,1,7.737643106e-07,2.180192411e-11,0.01850743185,1.615801976e-13],
			[0.02706375497,0.05341358705,7.737643106e-07,1,1.023514575e-06,0.3355578655,0.004564337293],
			[0.1250461037,0.1149261382,2.180192411e-11,1.023514575e-06,1,0.02547725912,8.698767228e-13],
			[0.1052724315,0.3400001543,0.01850743185,0.3355578655,0.02547725912,1,0.07871446661],
			[0.1608792285,0.1252259022,1.615801976e-13,0.004564337293,8.698767228e-13,0.07871446661,1]
		]
	}
}
